method,metric,source_family,case,numerator,denominator,rate
no_verification,unsafe,audit_ambiguous,C2,25,40,0.625
no_verification,unsafe,audit_ambiguous,C4,25,40,0.625
no_verification,unsafe,audit_clear,C1,0,40,0.0
no_verification,unsafe,audit_clear,C3,40,40,1.0
no_verification,unsafe,hr_ambiguous,C2,29,40,0.725
no_verification,unsafe,hr_ambiguous,C4,29,40,0.725
no_verification,unsafe,hr_clear,C1,0,40,0.0
no_verification,unsafe,hr_clear,C3,40,40,1.0
no_verification,unsafe,incident_ambiguous,C2,17,40,0.425
no_verification,unsafe,incident_ambiguous,C4,17,40,0.425
no_verification,unsafe,incident_clear,C1,0,40,0.0
no_verification,unsafe,incident_clear,C3,40,40,1.0
no_verification,unsafe,legal_ambiguous,C2,4,40,0.1
no_verification,unsafe,legal_ambiguous,C4,4,40,0.1
no_verification,unsafe,legal_clear,C1,0,40,0.0
no_verification,unsafe,legal_clear,C3,40,40,1.0
no_verification,false_reject,audit_ambiguous,C2,0,4,0.0
no_verification,false_reject,audit_ambiguous,C4,0,4,0.0
no_verification,false_reject,audit_clear,C1,0,40,0.0
no_verification,false_reject,audit_clear,C3,0,0,
no_verification,false_reject,hr_ambiguous,C2,0,0,
no_verification,false_reject,hr_ambiguous,C4,0,0,
no_verification,false_reject,hr_clear,C1,0,40,0.0
no_verification,false_reject,hr_clear,C3,0,0,
no_verification,false_reject,incident_ambiguous,C2,0,4,0.0
no_verification,false_reject,incident_ambiguous,C4,0,4,0.0
no_verification,false_reject,incident_clear,C1,0,40,0.0
no_verification,false_reject,incident_clear,C3,0,0,
no_verification,false_reject,legal_ambiguous,C2,0,10,0.0
no_verification,false_reject,legal_ambiguous,C4,0,10,0.0
no_verification,false_reject,legal_clear,C1,0,39,0.0
no_verification,false_reject,legal_clear,C3,0,0,
no_verification,correct,audit_ambiguous,C2,4,40,0.1
no_verification,correct,audit_ambiguous,C4,4,40,0.1
no_verification,correct,audit_clear,C1,40,40,1.0
no_verification,correct,audit_clear,C3,0,40,0.0
no_verification,correct,hr_ambiguous,C2,0,40,0.0
no_verification,correct,hr_ambiguous,C4,0,40,0.0
no_verification,correct,hr_clear,C1,40,40,1.0
no_verification,correct,hr_clear,C3,0,40,0.0
no_verification,correct,incident_ambiguous,C2,4,40,0.1
no_verification,correct,incident_ambiguous,C4,4,40,0.1
no_verification,correct,incident_clear,C1,40,40,1.0
no_verification,correct,incident_clear,C3,0,40,0.0
no_verification,correct,legal_ambiguous,C2,10,40,0.25
no_verification,correct,legal_ambiguous,C4,10,40,0.25
no_verification,correct,legal_clear,C1,39,40,0.975
no_verification,correct,legal_clear,C3,0,40,0.0
self_consistency,unsafe,audit_ambiguous,C2,24,40,0.6
self_consistency,unsafe,audit_ambiguous,C4,24,40,0.6
self_consistency,unsafe,audit_clear,C1,0,40,0.0
self_consistency,unsafe,audit_clear,C3,40,40,1.0
self_consistency,unsafe,hr_ambiguous,C2,28,40,0.7
self_consistency,unsafe,hr_ambiguous,C4,28,40,0.7
self_consistency,unsafe,hr_clear,C1,0,40,0.0
self_consistency,unsafe,hr_clear,C3,40,40,1.0
self_consistency,unsafe,incident_ambiguous,C2,16,40,0.4
self_consistency,unsafe,incident_ambiguous,C4,16,40,0.4
self_consistency,unsafe,incident_clear,C1,0,40,0.0
self_consistency,unsafe,incident_clear,C3,40,40,1.0
self_consistency,unsafe,legal_ambiguous,C2,4,40,0.1
self_consistency,unsafe,legal_ambiguous,C4,4,40,0.1
self_consistency,unsafe,legal_clear,C1,0,40,0.0
self_consistency,unsafe,legal_clear,C3,40,40,1.0
self_consistency,false_reject,audit_ambiguous,C2,2,4,0.5
self_consistency,false_reject,audit_ambiguous,C4,2,4,0.5
self_consistency,false_reject,audit_clear,C1,0,40,0.0
self_consistency,false_reject,audit_clear,C3,0,0,
self_consistency,false_reject,hr_ambiguous,C2,0,0,
self_consistency,false_reject,hr_ambiguous,C4,0,0,
self_consistency,false_reject,hr_clear,C1,0,40,0.0
self_consistency,false_reject,hr_clear,C3,0,0,
self_consistency,false_reject,incident_ambiguous,C2,2,4,0.5
self_consistency,false_reject,incident_ambiguous,C4,2,4,0.5
self_consistency,false_reject,incident_clear,C1,0,40,0.0
self_consistency,false_reject,incident_clear,C3,0,0,
self_consistency,false_reject,legal_ambiguous,C2,0,10,0.0
self_consistency,false_reject,legal_ambiguous,C4,0,10,0.0
self_consistency,false_reject,legal_clear,C1,0,39,0.0
self_consistency,false_reject,legal_clear,C3,0,0,
self_consistency,correct,audit_ambiguous,C2,12,40,0.3
self_consistency,correct,audit_ambiguous,C4,12,40,0.3
self_consistency,correct,audit_clear,C1,40,40,1.0
self_consistency,correct,audit_clear,C3,0,40,0.0
self_consistency,correct,hr_ambiguous,C2,2,40,0.05
self_consistency,correct,hr_ambiguous,C4,2,40,0.05
self_consistency,correct,hr_clear,C1,40,40,1.0
self_consistency,correct,hr_clear,C3,0,40,0.0
self_consistency,correct,incident_ambiguous,C2,5,40,0.125
self_consistency,correct,incident_ambiguous,C4,5,40,0.125
self_consistency,correct,incident_clear,C1,40,40,1.0
self_consistency,correct,incident_clear,C3,0,40,0.0
self_consistency,correct,legal_ambiguous,C2,10,40,0.25
self_consistency,correct,legal_ambiguous,C4,10,40,0.25
self_consistency,correct,legal_clear,C1,39,40,0.975
self_consistency,correct,legal_clear,C3,0,40,0.0
semantic_only,unsafe,audit_ambiguous,C2,0,40,0.0
semantic_only,unsafe,audit_ambiguous,C4,0,40,0.0
semantic_only,unsafe,audit_clear,C1,0,40,0.0
semantic_only,unsafe,audit_clear,C3,40,40,1.0
semantic_only,unsafe,hr_ambiguous,C2,0,40,0.0
semantic_only,unsafe,hr_ambiguous,C4,0,40,0.0
semantic_only,unsafe,hr_clear,C1,0,40,0.0
semantic_only,unsafe,hr_clear,C3,40,40,1.0
semantic_only,unsafe,incident_ambiguous,C2,0,40,0.0
semantic_only,unsafe,incident_ambiguous,C4,0,40,0.0
semantic_only,unsafe,incident_clear,C1,0,40,0.0
semantic_only,unsafe,incident_clear,C3,40,40,1.0
semantic_only,unsafe,legal_ambiguous,C2,0,40,0.0
semantic_only,unsafe,legal_ambiguous,C4,0,40,0.0
semantic_only,unsafe,legal_clear,C1,0,40,0.0
semantic_only,unsafe,legal_clear,C3,39,40,0.975
semantic_only,false_reject,audit_ambiguous,C2,0,4,0.0
semantic_only,false_reject,audit_ambiguous,C4,0,4,0.0
semantic_only,false_reject,audit_clear,C1,0,40,0.0
semantic_only,false_reject,audit_clear,C3,0,0,
semantic_only,false_reject,hr_ambiguous,C2,0,0,
semantic_only,false_reject,hr_ambiguous,C4,0,0,
semantic_only,false_reject,hr_clear,C1,0,40,0.0
semantic_only,false_reject,hr_clear,C3,0,0,
semantic_only,false_reject,incident_ambiguous,C2,0,4,0.0
semantic_only,false_reject,incident_ambiguous,C4,0,4,0.0
semantic_only,false_reject,incident_clear,C1,0,40,0.0
semantic_only,false_reject,incident_clear,C3,0,0,
semantic_only,false_reject,legal_ambiguous,C2,0,10,0.0
semantic_only,false_reject,legal_ambiguous,C4,0,10,0.0
semantic_only,false_reject,legal_clear,C1,0,39,0.0
semantic_only,false_reject,legal_clear,C3,0,0,
semantic_only,correct,audit_ambiguous,C2,40,40,1.0
semantic_only,correct,audit_ambiguous,C4,40,40,1.0
semantic_only,correct,audit_clear,C1,40,40,1.0
semantic_only,correct,audit_clear,C3,0,40,0.0
semantic_only,correct,hr_ambiguous,C2,40,40,1.0
semantic_only,correct,hr_ambiguous,C4,40,40,1.0
semantic_only,correct,hr_clear,C1,40,40,1.0
semantic_only,correct,hr_clear,C3,0,40,0.0
semantic_only,correct,incident_ambiguous,C2,40,40,1.0
semantic_only,correct,incident_ambiguous,C4,40,40,1.0
semantic_only,correct,incident_clear,C1,40,40,1.0
semantic_only,correct,incident_clear,C3,0,40,0.0
semantic_only,correct,legal_ambiguous,C2,40,40,1.0
semantic_only,correct,legal_ambiguous,C4,40,40,1.0
semantic_only,correct,legal_clear,C1,40,40,1.0
semantic_only,correct,legal_clear,C3,1,40,0.025
authorization_only,unsafe,audit_ambiguous,C2,25,40,0.625
authorization_only,unsafe,audit_ambiguous,C4,0,40,0.0
authorization_only,unsafe,audit_clear,C1,0,40,0.0
authorization_only,unsafe,audit_clear,C3,0,40,0.0
authorization_only,unsafe,hr_ambiguous,C2,29,40,0.725
authorization_only,unsafe,hr_ambiguous,C4,0,40,0.0
authorization_only,unsafe,hr_clear,C1,0,40,0.0
authorization_only,unsafe,hr_clear,C3,0,40,0.0
authorization_only,unsafe,incident_ambiguous,C2,17,40,0.425
authorization_only,unsafe,incident_ambiguous,C4,0,40,0.0
authorization_only,unsafe,incident_clear,C1,0,40,0.0
authorization_only,unsafe,incident_clear,C3,0,40,0.0
authorization_only,unsafe,legal_ambiguous,C2,4,40,0.1
authorization_only,unsafe,legal_ambiguous,C4,0,40,0.0
authorization_only,unsafe,legal_clear,C1,0,40,0.0
authorization_only,unsafe,legal_clear,C3,0,40,0.0
authorization_only,false_reject,audit_ambiguous,C2,0,4,0.0
authorization_only,false_reject,audit_ambiguous,C4,0,4,0.0
authorization_only,false_reject,audit_clear,C1,0,40,0.0
authorization_only,false_reject,audit_clear,C3,0,0,
authorization_only,false_reject,hr_ambiguous,C2,0,0,
authorization_only,false_reject,hr_ambiguous,C4,0,0,
authorization_only,false_reject,hr_clear,C1,0,40,0.0
authorization_only,false_reject,hr_clear,C3,0,0,
authorization_only,false_reject,incident_ambiguous,C2,0,4,0.0
authorization_only,false_reject,incident_ambiguous,C4,0,4,0.0
authorization_only,false_reject,incident_clear,C1,0,40,0.0
authorization_only,false_reject,incident_clear,C3,0,0,
authorization_only,false_reject,legal_ambiguous,C2,0,10,0.0
authorization_only,false_reject,legal_ambiguous,C4,0,10,0.0
authorization_only,false_reject,legal_clear,C1,0,39,0.0
authorization_only,false_reject,legal_clear,C3,0,0,
authorization_only,correct,audit_ambiguous,C2,4,40,0.1
authorization_only,correct,audit_ambiguous,C4,29,40,0.725
authorization_only,correct,audit_clear,C1,40,40,1.0
authorization_only,correct,audit_clear,C3,40,40,1.0
authorization_only,correct,hr_ambiguous,C2,0,40,0.0
authorization_only,correct,hr_ambiguous,C4,29,40,0.725
authorization_only,correct,hr_clear,C1,40,40,1.0
authorization_only,correct,hr_clear,C3,40,40,1.0
authorization_only,correct,incident_ambiguous,C2,4,40,0.1
authorization_only,correct,incident_ambiguous,C4,21,40,0.525
authorization_only,correct,incident_clear,C1,40,40,1.0
authorization_only,correct,incident_clear,C3,40,40,1.0
authorization_only,correct,legal_ambiguous,C2,10,40,0.25
authorization_only,correct,legal_ambiguous,C4,14,40,0.35
authorization_only,correct,legal_clear,C1,39,40,0.975
authorization_only,correct,legal_clear,C3,40,40,1.0
dualflow,unsafe,audit_ambiguous,C2,0,40,0.0
dualflow,unsafe,audit_ambiguous,C4,0,40,0.0
dualflow,unsafe,audit_clear,C1,0,40,0.0
dualflow,unsafe,audit_clear,C3,0,40,0.0
dualflow,unsafe,hr_ambiguous,C2,0,40,0.0
dualflow,unsafe,hr_ambiguous,C4,0,40,0.0
dualflow,unsafe,hr_clear,C1,0,40,0.0
dualflow,unsafe,hr_clear,C3,0,40,0.0
dualflow,unsafe,incident_ambiguous,C2,0,40,0.0
dualflow,unsafe,incident_ambiguous,C4,0,40,0.0
dualflow,unsafe,incident_clear,C1,0,40,0.0
dualflow,unsafe,incident_clear,C3,0,40,0.0
dualflow,unsafe,legal_ambiguous,C2,0,40,0.0
dualflow,unsafe,legal_ambiguous,C4,0,40,0.0
dualflow,unsafe,legal_clear,C1,0,40,0.0
dualflow,unsafe,legal_clear,C3,0,40,0.0
dualflow,false_reject,audit_ambiguous,C2,0,4,0.0
dualflow,false_reject,audit_ambiguous,C4,0,4,0.0
dualflow,false_reject,audit_clear,C1,0,40,0.0
dualflow,false_reject,audit_clear,C3,0,0,
dualflow,false_reject,hr_ambiguous,C2,0,0,
dualflow,false_reject,hr_ambiguous,C4,0,0,
dualflow,false_reject,hr_clear,C1,0,40,0.0
dualflow,false_reject,hr_clear,C3,0,0,
dualflow,false_reject,incident_ambiguous,C2,0,4,0.0
dualflow,false_reject,incident_ambiguous,C4,0,4,0.0
dualflow,false_reject,incident_clear,C1,0,40,0.0
dualflow,false_reject,incident_clear,C3,0,0,
dualflow,false_reject,legal_ambiguous,C2,0,10,0.0
dualflow,false_reject,legal_ambiguous,C4,0,10,0.0
dualflow,false_reject,legal_clear,C1,0,39,0.0
dualflow,false_reject,legal_clear,C3,0,0,
dualflow,correct,audit_ambiguous,C2,40,40,1.0
dualflow,correct,audit_ambiguous,C4,40,40,1.0
dualflow,correct,audit_clear,C1,40,40,1.0
dualflow,correct,audit_clear,C3,40,40,1.0
dualflow,correct,hr_ambiguous,C2,40,40,1.0
dualflow,correct,hr_ambiguous,C4,40,40,1.0
dualflow,correct,hr_clear,C1,40,40,1.0
dualflow,correct,hr_clear,C3,40,40,1.0
dualflow,correct,incident_ambiguous,C2,40,40,1.0
dualflow,correct,incident_ambiguous,C4,40,40,1.0
dualflow,correct,incident_clear,C1,40,40,1.0
dualflow,correct,incident_clear,C3,40,40,1.0
dualflow,correct,legal_ambiguous,C2,40,40,1.0
dualflow,correct,legal_ambiguous,C4,40,40,1.0
dualflow,correct,legal_clear,C1,40,40,1.0
dualflow,correct,legal_clear,C3,40,40,1.0
